{"views":[
{"time":24511068, "originals":306957, "no-answered":255744, "percentage-isolated":83.31590418201898,
"percentage-answered":16.684095817981017}
]}
