{"views":[
{"time":46900568, "originals":4317896, "answers":2261908, "don't-know": 47779, "relation": 0.5238449467055251,
 "original-per-answer": 1.9089618145388763, "percentage-originals": 65.62347449863249, "percentage-answers":34.37652550136752}
]}
