{"views":[
{"time":46900568, "originals":4317896, "no-answered":3699131, "percentage-isolated":85.66975675189954,
"percentage-answered":14.330243248100459}
]}
